name,cartesian_product_domination_number,tensor_product_domination_number,strong_product_domination_number,lexicographic_product_domination_number,cartesian_product_total_domination_number,tensor_product_total_domination_number,strong_product_total_domination_number,lexicographic_product_total_domination_number,cartesian_product_independence_number,tensor_product_independence_number,strong_product_independence_number,lexicographic_product_independence_number,cartesian_product_independent_domination_number,tensor_product_independent_domination_number,strong_product_independent_domination_number,lexicographic_product_independent_domination_number,cartesian_product_chromatic_number,tensor_product_chromatic_number,strong_product_chromatic_number,lexicographic_product_chromatic_number,cartesian_product_matching_number,tensor_product_matching_number,strong_product_matching_number,lexicographic_product_matching_number,cartesian_product_edge_domination_number,tensor_product_edge_domination_number,strong_product_edge_domination_number,lexicographic_product_edge_domination_number,cartesian_product_clique_number,tensor_product_clique_number,strong_product_clique_number,lexicographic_product_clique_number,cartesian_product_residue,tensor_product_residue,strong_product_residue,lexicographic_product_residue,cartesian_product_annihilation_number,tensor_product_annihilation_number,strong_product_annihilation_number,lexicographic_product_annihilation_number,cartesian_product_slater,tensor_product_slater,strong_product_slater,lexicographic_product_slater,cartesian_product_vertex_cover_number,tensor_product_vertex_cover_number,strong_product_vertex_cover_number,lexicographic_product_vertex_cover_number,cartesian_product_roman_domination_number,tensor_product_roman_domination_number,strong_product_roman_domination_number,lexicographic_product_roman_domination_number,cartesian_product_double_roman_domination_number,tensor_product_double_roman_domination_number,strong_product_double_roman_domination_number,lexicographic_product_double_roman_domination_number,cartesian_product_two_rainbow_domination_number,tensor_product_two_rainbow_domination_number,strong_product_two_rainbow_domination_number,lexicographic_product_two_rainbow_domination_number,cartesian_product_three_rainbow_domination_number,tensor_product_three_rainbow_domination_number,strong_product_three_rainbow_domination_number,lexicographic_product_three_rainbow_domination_number,cartesian_product_restrained_domination_number,tensor_product_restrained_domination_number,strong_product_restrained_domination_number,lexicographic_product_restrained_domination_number,cartesian_product_outer_connected_domination_number,tensor_product_outer_connected_domination_number,strong_product_outer_connected_domination_number,lexicographic_product_outer_connected_domination_number,domination_number * domination_number,domination_number + domination_number,total_domination_number * total_domination_number,total_domination_number + total_domination_number,independence_number * independence_number,independence_number + independence_number,independent_domination_number * independent_domination_number,independent_domination_number + independent_domination_number,chromatic_number * chromatic_number,chromatic_number + chromatic_number,matching_number * matching_number,matching_number + matching_number,edge_domination_number * edge_domination_number,edge_domination_number + edge_domination_number,clique_number * clique_number,clique_number + clique_number,residue * residue,residue + residue,annihilation_number * annihilation_number,annihilation_number + annihilation_number,slater * slater,slater + slater,vertex_cover_number * vertex_cover_number,vertex_cover_number + vertex_cover_number,roman_domination_number * roman_domination_number,roman_domination_number + roman_domination_number,double_roman_domination_number * double_roman_domination_number,double_roman_domination_number + double_roman_domination_number,two_rainbow_domination_number * two_rainbow_domination_number,two_rainbow_domination_number + two_rainbow_domination_number,three_rainbow_domination_number * three_rainbow_domination_number,three_rainbow_domination_number + three_rainbow_domination_number,restrained_domination_number * restrained_domination_number,restrained_domination_number + restrained_domination_number,outer_connected_domination_number * outer_connected_domination_number,outer_connected_domination_number + outer_connected_domination_number,domination_number * total_domination_number,domination_number + total_domination_number,domination_number * independence_number,domination_number + independence_number,domination_number * independent_domination_number,domination_number + independent_domination_number,domination_number * chromatic_number,domination_number + chromatic_number,domination_number * matching_number,domination_number + matching_number,domination_number * edge_domination_number,domination_number + edge_domination_number,domination_number * clique_number,domination_number + clique_number,domination_number * residue,domination_number + residue,domination_number * annihilation_number,domination_number + annihilation_number,domination_number * slater,domination_number + slater,domination_number * vertex_cover_number,domination_number + vertex_cover_number,domination_number * roman_domination_number,domination_number + roman_domination_number,domination_number * double_roman_domination_number,domination_number + double_roman_domination_number,domination_number * two_rainbow_domination_number,domination_number + two_rainbow_domination_number,domination_number * three_rainbow_domination_number,domination_number + three_rainbow_domination_number,domination_number * restrained_domination_number,domination_number + restrained_domination_number,domination_number * outer_connected_domination_number,domination_number + outer_connected_domination_number,total_domination_number * independence_number,total_domination_number + independence_number,total_domination_number * independent_domination_number,total_domination_number + independent_domination_number,total_domination_number * chromatic_number,total_domination_number + chromatic_number,total_domination_number * matching_number,total_domination_number + matching_number,total_domination_number * edge_domination_number,total_domination_number + edge_domination_number,total_domination_number * clique_number,total_domination_number + clique_number,total_domination_number * residue,total_domination_number + residue,total_domination_number * annihilation_number,total_domination_number + annihilation_number,total_domination_number * slater,total_domination_number + slater,total_domination_number * vertex_cover_number,total_domination_number + vertex_cover_number,total_domination_number * roman_domination_number,total_domination_number + roman_domination_number,total_domination_number * double_roman_domination_number,total_domination_number + double_roman_domination_number,total_domination_number * two_rainbow_domination_number,total_domination_number + two_rainbow_domination_number,total_domination_number * three_rainbow_domination_number,total_domination_number + three_rainbow_domination_number,total_domination_number * restrained_domination_number,total_domination_number + restrained_domination_number,total_domination_number * outer_connected_domination_number,total_domination_number + outer_connected_domination_number,independence_number * independent_domination_number,independence_number + independent_domination_number,independence_number * chromatic_number,independence_number + chromatic_number,independence_number * matching_number,independence_number + matching_number,independence_number * edge_domination_number,independence_number + edge_domination_number,independence_number * clique_number,independence_number + clique_number,independence_number * residue,independence_number + residue,independence_number * annihilation_number,independence_number + annihilation_number,independence_number * slater,independence_number + slater,independence_number * vertex_cover_number,independence_number + vertex_cover_number,independence_number * roman_domination_number,independence_number + roman_domination_number,independence_number * double_roman_domination_number,independence_number + double_roman_domination_number,independence_number * two_rainbow_domination_number,independence_number + two_rainbow_domination_number,independence_number * three_rainbow_domination_number,independence_number + three_rainbow_domination_number,independence_number * restrained_domination_number,independence_number + restrained_domination_number,independence_number * outer_connected_domination_number,independence_number + outer_connected_domination_number,independent_domination_number * chromatic_number,independent_domination_number + chromatic_number,independent_domination_number * matching_number,independent_domination_number + matching_number,independent_domination_number * edge_domination_number,independent_domination_number + edge_domination_number,independent_domination_number * clique_number,independent_domination_number + clique_number,independent_domination_number * residue,independent_domination_number + residue,independent_domination_number * annihilation_number,independent_domination_number + annihilation_number,independent_domination_number * slater,independent_domination_number + slater,independent_domination_number * vertex_cover_number,independent_domination_number + vertex_cover_number,independent_domination_number * roman_domination_number,independent_domination_number + roman_domination_number,independent_domination_number * double_roman_domination_number,independent_domination_number + double_roman_domination_number,independent_domination_number * two_rainbow_domination_number,independent_domination_number + two_rainbow_domination_number,independent_domination_number * three_rainbow_domination_number,independent_domination_number + three_rainbow_domination_number,independent_domination_number * restrained_domination_number,independent_domination_number + restrained_domination_number,independent_domination_number * outer_connected_domination_number,independent_domination_number + outer_connected_domination_number,chromatic_number * matching_number,chromatic_number + matching_number,chromatic_number * edge_domination_number,chromatic_number + edge_domination_number,chromatic_number * clique_number,chromatic_number + clique_number,chromatic_number * residue,chromatic_number + residue,chromatic_number * annihilation_number,chromatic_number + annihilation_number,chromatic_number * slater,chromatic_number + slater,chromatic_number * vertex_cover_number,chromatic_number + vertex_cover_number,chromatic_number * roman_domination_number,chromatic_number + roman_domination_number,chromatic_number * double_roman_domination_number,chromatic_number + double_roman_domination_number,chromatic_number * two_rainbow_domination_number,chromatic_number + two_rainbow_domination_number,chromatic_number * three_rainbow_domination_number,chromatic_number + three_rainbow_domination_number,chromatic_number * restrained_domination_number,chromatic_number + restrained_domination_number,chromatic_number * outer_connected_domination_number,chromatic_number + outer_connected_domination_number,matching_number * edge_domination_number,matching_number + edge_domination_number,matching_number * clique_number,matching_number + clique_number,matching_number * residue,matching_number + residue,matching_number * annihilation_number,matching_number + annihilation_number,matching_number * slater,matching_number + slater,matching_number * vertex_cover_number,matching_number + vertex_cover_number,matching_number * roman_domination_number,matching_number + roman_domination_number,matching_number * double_roman_domination_number,matching_number + double_roman_domination_number,matching_number * two_rainbow_domination_number,matching_number + two_rainbow_domination_number,matching_number * three_rainbow_domination_number,matching_number + three_rainbow_domination_number,matching_number * restrained_domination_number,matching_number + restrained_domination_number,matching_number * outer_connected_domination_number,matching_number + outer_connected_domination_number,edge_domination_number * clique_number,edge_domination_number + clique_number,edge_domination_number * residue,edge_domination_number + residue,edge_domination_number * annihilation_number,edge_domination_number + annihilation_number,edge_domination_number * slater,edge_domination_number + slater,edge_domination_number * vertex_cover_number,edge_domination_number + vertex_cover_number,edge_domination_number * roman_domination_number,edge_domination_number + roman_domination_number,edge_domination_number * double_roman_domination_number,edge_domination_number + double_roman_domination_number,edge_domination_number * two_rainbow_domination_number,edge_domination_number + two_rainbow_domination_number,edge_domination_number * three_rainbow_domination_number,edge_domination_number + three_rainbow_domination_number,edge_domination_number * restrained_domination_number,edge_domination_number + restrained_domination_number,edge_domination_number * outer_connected_domination_number,edge_domination_number + outer_connected_domination_number,clique_number * residue,clique_number + residue,clique_number * annihilation_number,clique_number + annihilation_number,clique_number * slater,clique_number + slater,clique_number * vertex_cover_number,clique_number + vertex_cover_number,clique_number * roman_domination_number,clique_number + roman_domination_number,clique_number * double_roman_domination_number,clique_number + double_roman_domination_number,clique_number * two_rainbow_domination_number,clique_number + two_rainbow_domination_number,clique_number * three_rainbow_domination_number,clique_number + three_rainbow_domination_number,clique_number * restrained_domination_number,clique_number + restrained_domination_number,clique_number * outer_connected_domination_number,clique_number + outer_connected_domination_number,residue * annihilation_number,residue + annihilation_number,residue * slater,residue + slater,residue * vertex_cover_number,residue + vertex_cover_number,residue * roman_domination_number,residue + roman_domination_number,residue * double_roman_domination_number,residue + double_roman_domination_number,residue * two_rainbow_domination_number,residue + two_rainbow_domination_number,residue * three_rainbow_domination_number,residue + three_rainbow_domination_number,residue * restrained_domination_number,residue + restrained_domination_number,residue * outer_connected_domination_number,residue + outer_connected_domination_number,annihilation_number * slater,annihilation_number + slater,annihilation_number * vertex_cover_number,annihilation_number + vertex_cover_number,annihilation_number * roman_domination_number,annihilation_number + roman_domination_number,annihilation_number * double_roman_domination_number,annihilation_number + double_roman_domination_number,annihilation_number * two_rainbow_domination_number,annihilation_number + two_rainbow_domination_number,annihilation_number * three_rainbow_domination_number,annihilation_number + three_rainbow_domination_number,annihilation_number * restrained_domination_number,annihilation_number + restrained_domination_number,annihilation_number * outer_connected_domination_number,annihilation_number + outer_connected_domination_number,slater * vertex_cover_number,slater + vertex_cover_number,slater * roman_domination_number,slater + roman_domination_number,slater * double_roman_domination_number,slater + double_roman_domination_number,slater * two_rainbow_domination_number,slater + two_rainbow_domination_number,slater * three_rainbow_domination_number,slater + three_rainbow_domination_number,slater * restrained_domination_number,slater + restrained_domination_number,slater * outer_connected_domination_number,slater + outer_connected_domination_number,vertex_cover_number * roman_domination_number,vertex_cover_number + roman_domination_number,vertex_cover_number * double_roman_domination_number,vertex_cover_number + double_roman_domination_number,vertex_cover_number * two_rainbow_domination_number,vertex_cover_number + two_rainbow_domination_number,vertex_cover_number * three_rainbow_domination_number,vertex_cover_number + three_rainbow_domination_number,vertex_cover_number * restrained_domination_number,vertex_cover_number + restrained_domination_number,vertex_cover_number * outer_connected_domination_number,vertex_cover_number + outer_connected_domination_number,roman_domination_number * double_roman_domination_number,roman_domination_number + double_roman_domination_number,roman_domination_number * two_rainbow_domination_number,roman_domination_number + two_rainbow_domination_number,roman_domination_number * three_rainbow_domination_number,roman_domination_number + three_rainbow_domination_number,roman_domination_number * restrained_domination_number,roman_domination_number + restrained_domination_number,roman_domination_number * outer_connected_domination_number,roman_domination_number + outer_connected_domination_number,double_roman_domination_number * two_rainbow_domination_number,double_roman_domination_number + two_rainbow_domination_number,double_roman_domination_number * three_rainbow_domination_number,double_roman_domination_number + three_rainbow_domination_number,double_roman_domination_number * restrained_domination_number,double_roman_domination_number + restrained_domination_number,double_roman_domination_number * outer_connected_domination_number,double_roman_domination_number + outer_connected_domination_number,two_rainbow_domination_number * three_rainbow_domination_number,two_rainbow_domination_number + three_rainbow_domination_number,two_rainbow_domination_number * restrained_domination_number,two_rainbow_domination_number + restrained_domination_number,two_rainbow_domination_number * outer_connected_domination_number,two_rainbow_domination_number + outer_connected_domination_number,three_rainbow_domination_number * restrained_domination_number,three_rainbow_domination_number + restrained_domination_number,three_rainbow_domination_number * outer_connected_domination_number,three_rainbow_domination_number + outer_connected_domination_number,restrained_domination_number * outer_connected_domination_number,restrained_domination_number + outer_connected_domination_number,is_connected
paw_product_paw,4,3,1,1,4,4,2,2,6,8,4,4,4,4,1,1,3,3,9,9,8,8,8,8,5,4,6,6,3,3,9,9,4,5,3,3,9,11,10,9,3,2,1,1,10,8,12,12,8.0,6.0,2.0,2.0,12.0,9.0,3.0,3.0,6,7,3,3,10,11,5,3,4,4,1,1,4,4,1,1,1,2,4,4,4,4,1,2,9,6,4,4,1,2,9,6,4,4,4,4,1,2,4,4,4.0,4.0,9.0,6.0,9,6,9,6,4,4,4,4,2,3,2,3,1,2,3,4,2,3,1,2,3,4,2,3,2,3,1,2,2,3,2.0,3.0,3.0,4.0,3,4,3,4,2,3,2,3,4,4,2,3,6,5,4,4,2,3,6,5,4,4,4,4,2,3,4,4,4.0,4.0,6.0,5.0,6,5,6,5,4,4,4,4,2,3,6,5,4,4,2,3,6,5,4,4,4,4,2,3,4,4,4.0,4.0,6.0,5.0,6,5,6,5,4,4,4,4,3,4,2,3,1,2,3,4,2,3,2,3,1,2,2,3,2.0,3.0,3.0,4.0,3,4,3,4,2,3,2,3,6,5,3,4,9,6,6,5,6,5,3,4,6,5,6.0,5.0,9.0,6.0,9,6,9,6,6,5,6,5,2,3,6,5,4,4,4,4,2,3,4,4,4.0,4.0,6.0,5.0,6,5,6,5,4,4,4,4,3,4,2,3,2,3,1,2,2,3,2.0,3.0,3.0,4.0,3,4,3,4,2,3,2,3,6,5,6,5,3,4,6,5,6.0,5.0,9.0,6.0,9,6,9,6,6,5,6,5,4,4,2,3,4,4,4.0,4.0,6.0,5.0,6,5,6,5,4,4,4,4,2,3,4,4,4.0,4.0,6.0,5.0,6,5,6,5,4,4,4,4,2,3,2.0,3.0,3.0,4.0,3,4,3,4,2,3,2,3,4.0,4.0,6.0,5.0,6,5,6,5,4,4,4,4,6.0,5.0,6.0,5.0,6.0,5.0,4.0,4.0,4.0,4.0,9.0,6.0,9.0,6.0,6.0,5.0,6.0,5.0,9,6,6,5,6,5,6,5,6,5,4,4,True
C_5_product_C_5,7,8,4,3,9,9,5,3,13,15,9,9,7,8,4,4,2,2,4,4,12,10,12,12,9,8,8,8,2,2,4,4,7,8,4,3,14,17,16,14,5,5,3,2,12,10,16,16,14.0,16.0,8.0,6.0,19.0,24.0,12.0,9.0,11,14,8,6,13,19,12,8,7,10,4,3,7,17,4,3,4,4,9,6,9,6,4,4,4,4,4,4,4,4,4,4,4,4,9,6,4,4,4,4,16.0,8.0,36.0,12.0,9,6,25,10,9,6,9,6,6,5,6,5,4,4,4,4,4,4,4,4,4,4,4,4,6,5,4,4,4,4,8.0,6.0,12.0,8.0,6,5,10,7,6,5,6,5,9,6,6,5,6,5,6,5,6,5,6,5,6,5,9,6,6,5,6,5,12.0,7.0,18.0,9.0,9,6,15,8,9,6,9,6,6,5,6,5,6,5,6,5,6,5,6,5,9,6,6,5,6,5,12.0,7.0,18.0,9.0,9,6,15,8,9,6,9,6,4,4,4,4,4,4,4,4,4,4,6,5,4,4,4,4,8.0,6.0,12.0,8.0,6,5,10,7,6,5,6,5,4,4,4,4,4,4,4,4,6,5,4,4,4,4,8.0,6.0,12.0,8.0,6,5,10,7,6,5,6,5,4,4,4,4,4,4,6,5,4,4,4,4,8.0,6.0,12.0,8.0,6,5,10,7,6,5,6,5,4,4,4,4,6,5,4,4,4,4,8.0,6.0,12.0,8.0,6,5,10,7,6,5,6,5,4,4,6,5,4,4,4,4,8.0,6.0,12.0,8.0,6,5,10,7,6,5,6,5,6,5,4,4,4,4,8.0,6.0,12.0,8.0,6,5,10,7,6,5,6,5,6,5,6,5,12.0,7.0,18.0,9.0,9,6,15,8,9,6,9,6,4,4,8.0,6.0,12.0,8.0,6,5,10,7,6,5,6,5,8.0,6.0,12.0,8.0,6,5,10,7,6,5,6,5,24.0,10.0,12.0,7.0,20.0,9.0,12.0,7.0,12.0,7.0,18.0,9.0,30.0,11.0,18.0,9.0,18.0,9.0,15,8,9,6,9,6,15,8,15,8,9,6,True
C_4_product_C_4,4,4,3,2,4,4,3,2,8,8,4,4,4,8,4,4,2,2,4,4,8,8,8,8,6,8,6,6,2,2,4,4,4,4,2,2,8,8,8,8,4,4,2,2,8,8,12,12,8.0,8.0,6.0,4.0,11.0,12.0,8.0,6.0,7,8,4,4,8,8,6,6,4,4,3,2,4,10,3,2,4,4,4,4,4,4,4,4,4,4,4,4,4,4,4,4,4,4,4,4,4,4,4,4,9.0,6.0,16.0,8.0,4,4,16,8,4,4,4,4,4,4,4,4,4,4,4,4,4,4,4,4,4,4,4,4,4,4,4,4,4,4,6.0,5.0,8.0,6.0,4,4,8,6,4,4,4,4,4,4,4,4,4,4,4,4,4,4,4,4,4,4,4,4,4,4,4,4,6.0,5.0,8.0,6.0,4,4,8,6,4,4,4,4,4,4,4,4,4,4,4,4,4,4,4,4,4,4,4,4,4,4,6.0,5.0,8.0,6.0,4,4,8,6,4,4,4,4,4,4,4,4,4,4,4,4,4,4,4,4,4,4,4,4,6.0,5.0,8.0,6.0,4,4,8,6,4,4,4,4,4,4,4,4,4,4,4,4,4,4,4,4,4,4,6.0,5.0,8.0,6.0,4,4,8,6,4,4,4,4,4,4,4,4,4,4,4,4,4,4,4,4,6.0,5.0,8.0,6.0,4,4,8,6,4,4,4,4,4,4,4,4,4,4,4,4,4,4,6.0,5.0,8.0,6.0,4,4,8,6,4,4,4,4,4,4,4,4,4,4,4,4,6.0,5.0,8.0,6.0,4,4,8,6,4,4,4,4,4,4,4,4,4,4,6.0,5.0,8.0,6.0,4,4,8,6,4,4,4,4,4,4,4,4,6.0,5.0,8.0,6.0,4,4,8,6,4,4,4,4,4,4,6.0,5.0,8.0,6.0,4,4,8,6,4,4,4,4,6.0,5.0,8.0,6.0,4,4,8,6,4,4,4,4,12.0,7.0,6.0,5.0,12.0,7.0,6.0,5.0,6.0,5.0,8.0,6.0,16.0,8.0,8.0,6.0,8.0,6.0,8,6,4,4,4,4,8,6,8,6,4,4,True
C_3_product_C_3,3,3,1,1,3,3,2,2,3,3,1,1,3,3,1,1,3,3,9,9,4,4,4,4,3,3,4,4,3,3,9,9,2,2,1,1,4,4,4,4,2,2,1,1,6,6,8,8,5.0,5.0,2.0,2.0,6.0,6.0,3.0,3.0,4,4,2,2,5,5,3,3,3,3,1,1,3,3,1,1,1,2,4,4,1,2,1,2,9,6,1,2,1,2,9,6,1,2,1,2,1,2,4,4,4.0,4.0,9.0,6.0,4,4,9,6,1,2,1,2,2,3,1,2,1,2,3,4,1,2,1,2,3,4,1,2,1,2,1,2,2,3,2.0,3.0,3.0,4.0,2,3,3,4,1,2,1,2,2,3,2,3,6,5,2,3,2,3,6,5,2,3,2,3,2,3,4,4,4.0,4.0,6.0,5.0,4,4,6,5,2,3,2,3,1,2,3,4,1,2,1,2,3,4,1,2,1,2,1,2,2,3,2.0,3.0,3.0,4.0,2,3,3,4,1,2,1,2,3,4,1,2,1,2,3,4,1,2,1,2,1,2,2,3,2.0,3.0,3.0,4.0,2,3,3,4,1,2,1,2,3,4,3,4,9,6,3,4,3,4,3,4,6,5,6.0,5.0,9.0,6.0,6,5,9,6,3,4,3,4,1,2,3,4,1,2,1,2,1,2,2,3,2.0,3.0,3.0,4.0,2,3,3,4,1,2,1,2,3,4,1,2,1,2,1,2,2,3,2.0,3.0,3.0,4.0,2,3,3,4,1,2,1,2,3,4,3,4,3,4,6,5,6.0,5.0,9.0,6.0,6,5,9,6,3,4,3,4,1,2,1,2,2,3,2.0,3.0,3.0,4.0,2,3,3,4,1,2,1,2,1,2,2,3,2.0,3.0,3.0,4.0,2,3,3,4,1,2,1,2,2,3,2.0,3.0,3.0,4.0,2,3,3,4,1,2,1,2,4.0,4.0,6.0,5.0,4,4,6,5,2,3,2,3,6.0,5.0,4.0,4.0,6.0,5.0,2.0,3.0,2.0,3.0,6.0,5.0,9.0,6.0,3.0,4.0,3.0,4.0,6,5,2,3,2,3,3,4,3,4,1,2,True
P_5_product_P_5,7,8,4,3,9,9,5,3,13,15,9,9,7,8,4,4,2,2,4,4,12,10,12,12,9,8,8,8,2,2,4,4,7,8,4,3,14,17,16,14,5,5,3,2,12,10,16,16,14.0,16.0,8.0,6.0,19.0,24.0,12.0,9.0,11,14,8,6,13,19,12,8,7,10,4,3,7,17,4,3,4,4,9,6,9,6,4,4,4,4,4,4,4,4,4,4,4,4,9,6,4,4,4,4,16.0,8.0,36.0,12.0,9,6,25,10,9,6,9,6,6,5,6,5,4,4,4,4,4,4,4,4,4,4,4,4,6,5,4,4,4,4,8.0,6.0,12.0,8.0,6,5,10,7,6,5,6,5,9,6,6,5,6,5,6,5,6,5,6,5,6,5,9,6,6,5,6,5,12.0,7.0,18.0,9.0,9,6,15,8,9,6,9,6,6,5,6,5,6,5,6,5,6,5,6,5,9,6,6,5,6,5,12.0,7.0,18.0,9.0,9,6,15,8,9,6,9,6,4,4,4,4,4,4,4,4,4,4,6,5,4,4,4,4,8.0,6.0,12.0,8.0,6,5,10,7,6,5,6,5,4,4,4,4,4,4,4,4,6,5,4,4,4,4,8.0,6.0,12.0,8.0,6,5,10,7,6,5,6,5,4,4,4,4,4,4,6,5,4,4,4,4,8.0,6.0,12.0,8.0,6,5,10,7,6,5,6,5,4,4,4,4,6,5,4,4,4,4,8.0,6.0,12.0,8.0,6,5,10,7,6,5,6,5,4,4,6,5,4,4,4,4,8.0,6.0,12.0,8.0,6,5,10,7,6,5,6,5,6,5,4,4,4,4,8.0,6.0,12.0,8.0,6,5,10,7,6,5,6,5,6,5,6,5,12.0,7.0,18.0,9.0,9,6,15,8,9,6,9,6,4,4,8.0,6.0,12.0,8.0,6,5,10,7,6,5,6,5,8.0,6.0,12.0,8.0,6,5,10,7,6,5,6,5,24.0,10.0,12.0,7.0,20.0,9.0,12.0,7.0,12.0,7.0,18.0,9.0,30.0,11.0,18.0,9.0,18.0,9.0,15,8,9,6,9,6,15,8,15,8,9,6,True
P_4_product_P_4,4,4,4,2,6,4,4,2,8,8,4,4,4,8,4,4,2,2,4,4,8,8,8,8,6,4,6,6,2,2,4,4,5,6,4,3,9,11,10,9,4,4,2,2,8,8,12,12,8.0,8.0,6.0,4.0,12.0,12.0,10.0,6.0,8,10,6,4,10,12,8,6,4,8,4,2,4,12,4,2,4,4,4,4,4,4,4,4,4,4,4,4,1,2,4,4,4,4,4,4,4,4,4,4,9.0,6.0,25.0,10.0,9,6,16,8,4,4,4,4,4,4,4,4,4,4,4,4,4,4,2,3,4,4,4,4,4,4,4,4,4,4,6.0,5.0,10.0,7.0,6,5,8,6,4,4,4,4,4,4,4,4,4,4,4,4,2,3,4,4,4,4,4,4,4,4,4,4,6.0,5.0,10.0,7.0,6,5,8,6,4,4,4,4,4,4,4,4,4,4,2,3,4,4,4,4,4,4,4,4,4,4,6.0,5.0,10.0,7.0,6,5,8,6,4,4,4,4,4,4,4,4,2,3,4,4,4,4,4,4,4,4,4,4,6.0,5.0,10.0,7.0,6,5,8,6,4,4,4,4,4,4,2,3,4,4,4,4,4,4,4,4,4,4,6.0,5.0,10.0,7.0,6,5,8,6,4,4,4,4,2,3,4,4,4,4,4,4,4,4,4,4,6.0,5.0,10.0,7.0,6,5,8,6,4,4,4,4,2,3,2,3,2,3,2,3,2,3,3.0,4.0,5.0,6.0,3,4,4,5,2,3,2,3,4,4,4,4,4,4,4,4,6.0,5.0,10.0,7.0,6,5,8,6,4,4,4,4,4,4,4,4,4,4,6.0,5.0,10.0,7.0,6,5,8,6,4,4,4,4,4,4,4,4,6.0,5.0,10.0,7.0,6,5,8,6,4,4,4,4,4,4,6.0,5.0,10.0,7.0,6,5,8,6,4,4,4,4,6.0,5.0,10.0,7.0,6,5,8,6,4,4,4,4,15.0,8.0,9.0,6.0,12.0,7.0,6.0,5.0,6.0,5.0,15.0,8.0,20.0,9.0,10.0,7.0,10.0,7.0,12,7,6,5,6,5,8,6,8,6,4,4,True
P_3_product_P_3,3,3,1,1,3,4,2,2,5,6,4,4,3,3,1,1,2,2,4,4,4,3,4,4,3,3,3,3,2,2,4,4,3,4,3,3,5,6,5,5,2,3,1,1,4,3,5,5,6.0,5.0,2.0,2.0,8.0,7.0,3.0,3.0,4,6,3,2,5,8,5,3,3,7,1,1,3,7,1,1,1,2,4,4,4,4,1,2,4,4,1,2,1,2,4,4,4,4,4,4,1,2,1,2,4.0,4.0,9.0,6.0,4,4,9,6,9,6,4,4,2,3,2,3,1,2,2,3,1,2,1,2,2,3,2,3,2,3,1,2,1,2,2.0,3.0,3.0,4.0,2,3,3,4,3,4,2,3,4,4,2,3,4,4,2,3,2,3,4,4,4,4,4,4,2,3,2,3,4.0,4.0,6.0,5.0,4,4,6,5,6,5,4,4,2,3,4,4,2,3,2,3,4,4,4,4,4,4,2,3,2,3,4.0,4.0,6.0,5.0,4,4,6,5,6,5,4,4,2,3,1,2,1,2,2,3,2,3,2,3,1,2,1,2,2.0,3.0,3.0,4.0,2,3,3,4,3,4,2,3,2,3,2,3,4,4,4,4,4,4,2,3,2,3,4.0,4.0,6.0,5.0,4,4,6,5,6,5,4,4,1,2,2,3,2,3,2,3,1,2,1,2,2.0,3.0,3.0,4.0,2,3,3,4,3,4,2,3,2,3,2,3,2,3,1,2,1,2,2.0,3.0,3.0,4.0,2,3,3,4,3,4,2,3,4,4,4,4,2,3,2,3,4.0,4.0,6.0,5.0,4,4,6,5,6,5,4,4,4,4,2,3,2,3,4.0,4.0,6.0,5.0,4,4,6,5,6,5,4,4,2,3,2,3,4.0,4.0,6.0,5.0,4,4,6,5,6,5,4,4,1,2,2.0,3.0,3.0,4.0,2,3,3,4,3,4,2,3,2.0,3.0,3.0,4.0,2,3,3,4,3,4,2,3,6.0,5.0,4.0,4.0,6.0,5.0,6.0,5.0,4.0,4.0,6.0,5.0,9.0,6.0,9.0,6.0,6.0,5.0,6,5,6,5,4,4,9,6,6,5,6,5,True
P_2_product_P_2,2,2,1,1,2,4,2,2,2,2,1,1,2,2,1,1,2,2,4,4,2,2,2,2,2,2,2,2,2,2,4,4,2,2,1,1,2,2,2,2,2,2,1,1,2,2,3,3,3.0,4.0,2.0,2.0,4.0,6.0,3.0,3.0,2,4,2,2,4,4,3,3,2,4,1,1,2,3,1,1,1,2,4,4,1,2,1,2,4,4,1,2,1,2,4,4,1,2,1,2,1,2,1,2,4.0,4.0,9.0,6.0,4,4,4,4,4,4,1,2,2,3,1,2,1,2,2,3,1,2,1,2,2,3,1,2,1,2,1,2,1,2,2.0,3.0,3.0,4.0,2,3,2,3,2,3,1,2,2,3,2,3,4,4,2,3,2,3,4,4,2,3,2,3,2,3,2,3,4.0,4.0,6.0,5.0,4,4,4,4,4,4,2,3,1,2,2,3,1,2,1,2,2,3,1,2,1,2,1,2,1,2,2.0,3.0,3.0,4.0,2,3,2,3,2,3,1,2,2,3,1,2,1,2,2,3,1,2,1,2,1,2,1,2,2.0,3.0,3.0,4.0,2,3,2,3,2,3,1,2,2,3,2,3,4,4,2,3,2,3,2,3,2,3,4.0,4.0,6.0,5.0,4,4,4,4,4,4,2,3,1,2,2,3,1,2,1,2,1,2,1,2,2.0,3.0,3.0,4.0,2,3,2,3,2,3,1,2,2,3,1,2,1,2,1,2,1,2,2.0,3.0,3.0,4.0,2,3,2,3,2,3,1,2,2,3,2,3,2,3,2,3,4.0,4.0,6.0,5.0,4,4,4,4,4,4,2,3,1,2,1,2,1,2,2.0,3.0,3.0,4.0,2,3,2,3,2,3,1,2,1,2,1,2,2.0,3.0,3.0,4.0,2,3,2,3,2,3,1,2,1,2,2.0,3.0,3.0,4.0,2,3,2,3,2,3,1,2,2.0,3.0,3.0,4.0,2,3,2,3,2,3,1,2,6.0,5.0,4.0,4.0,4.0,4.0,4.0,4.0,2.0,3.0,6.0,5.0,6.0,5.0,6.0,5.0,3.0,4.0,4,4,4,4,2,3,4,4,2,3,2,3,True
paw_product_C_5,5,5,2,2,5,6,3,2,8,12,6,6,5,5,2,2,3,2,6,6,10,8,10,10,7,5,7,7,3,2,6,6,5,6,4,3,11,13,12,12,4,3,2,2,12,8,14,14,10.0,8.0,4.0,4.0,15.0,12.0,6.0,6.0,8,10,4,3,11,14,8,5,5,7,2,2,5,7,2,2,2,3,6,5,6,5,2,3,6,5,4,4,2,3,6,5,4,4,6,5,2,3,4,4,8.0,6.0,18.0,9.0,9,6,15,8,6,5,6,5,3,4,3,4,2,3,2,3,2,3,2,3,2,3,2,3,3,4,2,3,2,3,4.0,5.0,6.0,7.0,3,4,5,6,3,4,3,4,6,5,4,4,4,4,4,4,4,4,4,4,4,4,6,5,4,4,4,4,8.0,6.0,12.0,8.0,6,5,10,7,6,5,6,5,4,4,4,4,4,4,4,4,4,4,4,4,6,5,4,4,4,4,8.0,6.0,12.0,8.0,6,5,10,7,6,5,6,5,2,3,2,3,2,3,2,3,2,3,3,4,2,3,2,3,4.0,5.0,6.0,7.0,3,4,5,6,3,4,3,4,6,5,6,5,6,5,6,5,9,6,6,5,6,5,12.0,7.0,18.0,9.0,9,6,15,8,9,6,9,6,4,4,4,4,4,4,6,5,4,4,4,4,8.0,6.0,12.0,8.0,6,5,10,7,6,5,6,5,2,3,2,3,3,4,2,3,2,3,4.0,5.0,6.0,7.0,3,4,5,6,3,4,3,4,6,5,9,6,6,5,6,5,12.0,7.0,18.0,9.0,9,6,15,8,9,6,9,6,6,5,4,4,4,4,8.0,6.0,12.0,8.0,6,5,10,7,6,5,6,5,4,4,4,4,8.0,6.0,12.0,8.0,6,5,10,7,6,5,6,5,2,3,4.0,5.0,6.0,7.0,3,4,5,6,3,4,3,4,8.0,6.0,12.0,8.0,6,5,10,7,6,5,6,5,12.0,8.0,6.0,5.0,10.0,7.0,6.0,5.0,6.0,5.0,9.0,6.0,15.0,8.0,9.0,6.0,9.0,6.0,15,8,9,6,9,6,9,6,9,6,6,5,True
paw_product_C_4,4,4,2,2,4,4,2,2,6,8,4,4,4,4,2,2,3,2,6,6,8,8,8,8,6,4,6,6,3,2,6,6,4,4,3,3,9,10,9,9,3,3,2,2,10,8,12,12,8.0,6.0,4.0,3.0,12.0,8.0,6.0,4.0,7,4,4,2,8,10,7,4,4,4,2,2,4,4,2,2,2,3,4,4,4,4,2,3,6,5,4,4,2,3,6,5,4,4,4,4,2,3,4,4,6.0,5.0,12.0,7.0,6,5,12,7,4,4,4,4,2,3,2,3,2,3,2,3,2,3,2,3,2,3,2,3,2,3,2,3,2,3,3.0,4.0,4.0,5.0,2,3,4,5,2,3,2,3,4,4,4,4,4,4,4,4,4,4,4,4,4,4,4,4,4,4,4,4,6.0,5.0,8.0,6.0,4,4,8,6,4,4,4,4,4,4,4,4,4,4,4,4,4,4,4,4,4,4,4,4,4,4,6.0,5.0,8.0,6.0,4,4,8,6,4,4,4,4,2,3,2,3,2,3,2,3,2,3,2,3,2,3,2,3,3.0,4.0,4.0,5.0,2,3,4,5,2,3,2,3,6,5,6,5,6,5,6,5,6,5,6,5,6,5,9.0,6.0,12.0,7.0,6,5,12,7,6,5,6,5,4,4,4,4,4,4,4,4,4,4,4,4,6.0,5.0,8.0,6.0,4,4,8,6,4,4,4,4,2,3,2,3,2,3,2,3,2,3,3.0,4.0,4.0,5.0,2,3,4,5,2,3,2,3,6,5,6,5,6,5,6,5,9.0,6.0,12.0,7.0,6,5,12,7,6,5,6,5,4,4,4,4,4,4,6.0,5.0,8.0,6.0,4,4,8,6,4,4,4,4,4,4,4,4,6.0,5.0,8.0,6.0,4,4,8,6,4,4,4,4,2,3,3.0,4.0,4.0,5.0,2,3,4,5,2,3,2,3,6.0,5.0,8.0,6.0,4,4,8,6,4,4,4,4,8.0,6.0,4.0,4.0,8.0,6.0,4.0,4.0,4.0,4.0,6.0,5.0,12.0,7.0,6.0,5.0,6.0,5.0,12,7,6,5,6,5,6,5,6,5,4,4,True
paw_product_C_3,3,3,1,1,3,4,2,2,4,6,2,2,3,3,1,1,3,3,9,9,6,6,6,6,4,3,5,5,3,3,9,9,3,3,2,2,6,7,7,7,2,2,1,1,8,6,10,10,6.0,5.0,2.0,2.0,9.0,6.0,3.0,3.0,5,6,2,2,7,8,3,3,3,4,1,1,3,4,1,1,1,2,4,4,2,3,1,2,9,6,2,3,1,2,9,6,2,3,2,3,1,2,4,4,4.0,4.0,9.0,6.0,6,5,9,6,2,3,2,3,2,3,1,2,1,2,3,4,1,2,1,2,3,4,1,2,1,2,1,2,2,3,2.0,3.0,3.0,4.0,2,3,3,4,1,2,1,2,2,3,2,3,6,5,2,3,2,3,6,5,2,3,2,3,2,3,4,4,4.0,4.0,6.0,5.0,4,4,6,5,2,3,2,3,2,3,6,5,2,3,2,3,6,5,2,3,2,3,2,3,4,4,4.0,4.0,6.0,5.0,4,4,6,5,2,3,2,3,3,4,1,2,1,2,3,4,1,2,1,2,1,2,2,3,2.0,3.0,3.0,4.0,2,3,3,4,1,2,1,2,3,4,3,4,9,6,3,4,3,4,3,4,6,5,6.0,5.0,9.0,6.0,6,5,9,6,3,4,3,4,2,3,6,5,2,3,2,3,2,3,4,4,4.0,4.0,6.0,5.0,4,4,6,5,2,3,2,3,3,4,1,2,1,2,1,2,2,3,2.0,3.0,3.0,4.0,2,3,3,4,1,2,1,2,3,4,3,4,3,4,6,5,6.0,5.0,9.0,6.0,6,5,9,6,3,4,3,4,2,3,2,3,4,4,4.0,4.0,6.0,5.0,4,4,6,5,2,3,2,3,2,3,4,4,4.0,4.0,6.0,5.0,4,4,6,5,2,3,2,3,2,3,2.0,3.0,3.0,4.0,2,3,3,4,1,2,1,2,4.0,4.0,6.0,5.0,4,4,6,5,2,3,2,3,6.0,5.0,4.0,4.0,6.0,5.0,2.0,3.0,2.0,3.0,6.0,5.0,9.0,6.0,3.0,4.0,3.0,4.0,9,6,3,4,3,4,3,4,3,4,2,3,True
paw_product_P_5,5,5,2,2,5,6,3,2,8,12,6,6,5,5,2,2,3,2,6,6,10,8,10,10,7,5,7,7,3,2,6,6,5,6,4,3,11,13,12,12,4,3,2,2,12,8,14,14,10.0,8.0,4.0,4.0,15.0,12.0,6.0,6.0,8,10,4,3,11,14,8,5,5,7,2,2,5,7,2,2,2,3,6,5,6,5,2,3,6,5,4,4,2,3,6,5,4,4,6,5,2,3,4,4,8.0,6.0,18.0,9.0,9,6,15,8,6,5,6,5,3,4,3,4,2,3,2,3,2,3,2,3,2,3,2,3,3,4,2,3,2,3,4.0,5.0,6.0,7.0,3,4,5,6,3,4,3,4,6,5,4,4,4,4,4,4,4,4,4,4,4,4,6,5,4,4,4,4,8.0,6.0,12.0,8.0,6,5,10,7,6,5,6,5,4,4,4,4,4,4,4,4,4,4,4,4,6,5,4,4,4,4,8.0,6.0,12.0,8.0,6,5,10,7,6,5,6,5,2,3,2,3,2,3,2,3,2,3,3,4,2,3,2,3,4.0,5.0,6.0,7.0,3,4,5,6,3,4,3,4,6,5,6,5,6,5,6,5,9,6,6,5,6,5,12.0,7.0,18.0,9.0,9,6,15,8,9,6,9,6,4,4,4,4,4,4,6,5,4,4,4,4,8.0,6.0,12.0,8.0,6,5,10,7,6,5,6,5,2,3,2,3,3,4,2,3,2,3,4.0,5.0,6.0,7.0,3,4,5,6,3,4,3,4,6,5,9,6,6,5,6,5,12.0,7.0,18.0,9.0,9,6,15,8,9,6,9,6,6,5,4,4,4,4,8.0,6.0,12.0,8.0,6,5,10,7,6,5,6,5,4,4,4,4,8.0,6.0,12.0,8.0,6,5,10,7,6,5,6,5,2,3,4.0,5.0,6.0,7.0,3,4,5,6,3,4,3,4,8.0,6.0,12.0,8.0,6,5,10,7,6,5,6,5,12.0,8.0,6.0,5.0,10.0,7.0,6.0,5.0,6.0,5.0,9.0,6.0,15.0,8.0,9.0,6.0,9.0,6.0,15,8,9,6,9,6,9,6,9,6,6,5,True
paw_product_P_4,4,4,2,2,4,4,2,2,6,8,4,4,4,4,2,2,3,2,6,6,8,8,8,8,5,4,6,6,3,2,6,6,4,5,3,3,9,11,10,9,3,3,2,2,10,8,12,12,8.0,6.0,4.0,3.0,12.0,10.0,6.0,5.0,8,9,4,3,10,11,8,4,4,6,2,2,4,6,2,2,2,3,4,4,4,4,2,3,6,5,4,4,1,2,6,5,4,4,4,4,2,3,4,4,6.0,5.0,15.0,8.0,9,6,12,7,4,4,4,4,2,3,2,3,2,3,2,3,2,3,1,2,2,3,2,3,2,3,2,3,2,3,3.0,4.0,5.0,6.0,3,4,4,5,2,3,2,3,4,4,4,4,4,4,4,4,2,3,4,4,4,4,4,4,4,4,4,4,6.0,5.0,10.0,7.0,6,5,8,6,4,4,4,4,4,4,4,4,4,4,2,3,4,4,4,4,4,4,4,4,4,4,6.0,5.0,10.0,7.0,6,5,8,6,4,4,4,4,2,3,2,3,1,2,2,3,2,3,2,3,2,3,2,3,3.0,4.0,5.0,6.0,3,4,4,5,2,3,2,3,6,5,3,4,6,5,6,5,6,5,6,5,6,5,9.0,6.0,15.0,8.0,9,6,12,7,6,5,6,5,2,3,4,4,4,4,4,4,4,4,4,4,6.0,5.0,10.0,7.0,6,5,8,6,4,4,4,4,2,3,2,3,2,3,2,3,2,3,3.0,4.0,5.0,6.0,3,4,4,5,2,3,2,3,6,5,6,5,6,5,6,5,9.0,6.0,15.0,8.0,9,6,12,7,6,5,6,5,4,4,4,4,4,4,6.0,5.0,10.0,7.0,6,5,8,6,4,4,4,4,4,4,4,4,6.0,5.0,10.0,7.0,6,5,8,6,4,4,4,4,2,3,3.0,4.0,5.0,6.0,3,4,4,5,2,3,2,3,6.0,5.0,10.0,7.0,6,5,8,6,4,4,4,4,10.0,7.0,6.0,5.0,8.0,6.0,4.0,4.0,4.0,4.0,9.0,6.0,12.0,7.0,6.0,5.0,6.0,5.0,12,7,6,5,6,5,6,5,6,5,4,4,True
paw_product_P_3,3,3,1,1,3,4,2,2,5,8,4,4,3,3,1,1,3,2,6,6,6,4,6,6,4,3,4,4,3,2,6,6,3,5,3,3,7,8,7,7,3,2,1,1,7,4,8,8,6.0,5.0,2.0,2.0,9.0,7.0,3.0,3.0,5,6,3,2,7,9,5,3,3,5,1,1,3,5,1,1,1,2,4,4,4,4,1,2,6,5,2,3,1,2,6,5,4,4,4,4,1,2,2,3,4.0,4.0,9.0,6.0,6,5,9,6,6,5,4,4,2,3,2,3,1,2,2,3,1,2,1,2,2,3,2,3,2,3,1,2,1,2,2.0,3.0,3.0,4.0,2,3,3,4,3,4,2,3,4,4,2,3,4,4,2,3,2,3,4,4,4,4,4,4,2,3,2,3,4.0,4.0,6.0,5.0,4,4,6,5,6,5,4,4,2,3,4,4,2,3,2,3,4,4,4,4,4,4,2,3,2,3,4.0,4.0,6.0,5.0,4,4,6,5,6,5,4,4,2,3,1,2,1,2,2,3,2,3,2,3,1,2,1,2,2.0,3.0,3.0,4.0,2,3,3,4,3,4,2,3,3,4,3,4,6,5,6,5,6,5,3,4,3,4,6.0,5.0,9.0,6.0,6,5,9,6,9,6,6,5,2,3,4,4,4,4,4,4,2,3,2,3,4.0,4.0,6.0,5.0,4,4,6,5,6,5,4,4,2,3,2,3,2,3,1,2,1,2,2.0,3.0,3.0,4.0,2,3,3,4,3,4,2,3,6,5,6,5,3,4,3,4,6.0,5.0,9.0,6.0,6,5,9,6,9,6,6,5,4,4,2,3,2,3,4.0,4.0,6.0,5.0,4,4,6,5,6,5,4,4,2,3,2,3,4.0,4.0,6.0,5.0,4,4,6,5,6,5,4,4,1,2,2.0,3.0,3.0,4.0,2,3,3,4,3,4,2,3,4.0,4.0,6.0,5.0,4,4,6,5,6,5,4,4,6.0,5.0,4.0,4.0,6.0,5.0,6.0,5.0,4.0,4.0,6.0,5.0,9.0,6.0,9.0,6.0,6.0,5.0,9,6,9,6,6,5,9,6,6,5,4,4,True
paw_product_P_2,2,2,1,1,2,4,2,2,3,4,2,2,3,2,1,1,3,2,6,6,4,4,4,4,3,2,3,3,3,2,6,6,3,3,2,2,4,5,4,4,2,2,1,1,5,4,6,6,4.0,4.0,2.0,2.0,6.0,6.0,3.0,3.0,4,5,2,2,6,6,4,4,2,4,1,1,3,5,1,1,1,2,4,4,2,3,1,2,6,5,2,3,1,2,6,5,2,3,2,3,1,2,2,3,4.0,4.0,9.0,6.0,6,5,6,5,4,4,2,3,2,3,1,2,1,2,2,3,1,2,1,2,2,3,1,2,1,2,1,2,1,2,2.0,3.0,3.0,4.0,2,3,2,3,2,3,1,2,2,3,2,3,4,4,2,3,2,3,4,4,2,3,2,3,2,3,2,3,4.0,4.0,6.0,5.0,4,4,4,4,4,4,2,3,2,3,4,4,2,3,2,3,4,4,2,3,2,3,2,3,2,3,4.0,4.0,6.0,5.0,4,4,4,4,4,4,2,3,2,3,1,2,1,2,2,3,1,2,1,2,1,2,1,2,2.0,3.0,3.0,4.0,2,3,2,3,2,3,1,2,3,4,3,4,6,5,3,4,3,4,3,4,3,4,6.0,5.0,9.0,6.0,6,5,6,5,6,5,3,4,2,3,4,4,2,3,2,3,2,3,2,3,4.0,4.0,6.0,5.0,4,4,4,4,4,4,2,3,2,3,1,2,1,2,1,2,1,2,2.0,3.0,3.0,4.0,2,3,2,3,2,3,1,2,3,4,3,4,3,4,3,4,6.0,5.0,9.0,6.0,6,5,6,5,6,5,3,4,2,3,2,3,2,3,4.0,4.0,6.0,5.0,4,4,4,4,4,4,2,3,2,3,2,3,4.0,4.0,6.0,5.0,4,4,4,4,4,4,2,3,1,2,2.0,3.0,3.0,4.0,2,3,2,3,2,3,1,2,4.0,4.0,6.0,5.0,4,4,4,4,4,4,2,3,6.0,5.0,4.0,4.0,4.0,4.0,4.0,4.0,2.0,3.0,6.0,5.0,6.0,5.0,6.0,5.0,3.0,4.0,6,5,6,5,3,4,6,5,3,4,2,3,True
C_5_product_C_4,5,6,4,3,6,6,4,3,10,12,6,6,5,8,4,4,2,2,4,4,10,8,10,10,7,8,7,7,2,2,4,4,5,6,3,3,11,12,11,11,4,4,3,2,10,8,14,14,10.0,12.0,8.0,6.0,15.0,16.0,11.0,8.0,9,8,6,4,10,12,9,7,5,6,4,3,5,13,4,3,4,4,6,5,6,5,4,4,4,4,4,4,4,4,4,4,4,4,6,5,4,4,4,4,12.0,7.0,24.0,10.0,6,5,20,9,6,5,6,5,4,4,4,4,4,4,4,4,4,4,4,4,4,4,4,4,4,4,4,4,4,4,6.0,5.0,8.0,6.0,4,4,8,6,4,4,4,4,6,5,6,5,6,5,6,5,6,5,6,5,6,5,6,5,6,5,6,5,9.0,6.0,12.0,7.0,6,5,12,7,6,5,6,5,6,5,6,5,6,5,6,5,6,5,6,5,6,5,6,5,6,5,9.0,6.0,12.0,7.0,6,5,12,7,6,5,6,5,4,4,4,4,4,4,4,4,4,4,4,4,4,4,4,4,6.0,5.0,8.0,6.0,4,4,8,6,4,4,4,4,4,4,4,4,4,4,4,4,4,4,4,4,4,4,6.0,5.0,8.0,6.0,4,4,8,6,4,4,4,4,4,4,4,4,4,4,4,4,4,4,4,4,6.0,5.0,8.0,6.0,4,4,8,6,4,4,4,4,4,4,4,4,4,4,4,4,4,4,6.0,5.0,8.0,6.0,4,4,8,6,4,4,4,4,4,4,4,4,4,4,4,4,6.0,5.0,8.0,6.0,4,4,8,6,4,4,4,4,4,4,4,4,4,4,6.0,5.0,8.0,6.0,4,4,8,6,4,4,4,4,6,5,6,5,9.0,6.0,12.0,7.0,6,5,12,7,6,5,6,5,4,4,6.0,5.0,8.0,6.0,4,4,8,6,4,4,4,4,6.0,5.0,8.0,6.0,4,4,8,6,4,4,4,4,16.0,8.0,8.0,6.0,16.0,8.0,8.0,6.0,8.0,6.0,12.0,8.0,24.0,10.0,12.0,8.0,12.0,8.0,12,7,6,5,6,5,10,7,10,7,6,5,True
C_5_product_C_3,4,4,2,2,5,6,3,3,5,9,3,3,5,4,2,2,3,2,6,6,7,6,7,7,5,5,6,6,3,2,6,6,4,4,2,2,8,9,8,8,3,3,2,2,10,6,12,12,8.0,8.0,4.0,4.0,12.0,12.0,6.0,6.0,7,8,4,4,8,9,6,6,4,4,2,2,4,4,2,2,2,3,6,5,3,4,2,3,6,5,2,3,2,3,6,5,2,3,3,4,2,3,4,4,8.0,6.0,18.0,9.0,6,5,15,8,3,4,3,4,4,4,2,3,2,3,6,5,2,3,2,3,6,5,2,3,2,3,2,3,4,4,4.0,4.0,6.0,5.0,4,4,6,5,2,3,2,3,3,4,3,4,9,6,3,4,3,4,9,6,3,4,3,4,3,4,6,5,6.0,5.0,9.0,6.0,6,5,9,6,3,4,3,4,3,4,9,6,3,4,3,4,9,6,3,4,3,4,3,4,6,5,6.0,5.0,9.0,6.0,6,5,9,6,3,4,3,4,6,5,2,3,2,3,6,5,2,3,2,3,2,3,4,4,4.0,4.0,6.0,5.0,4,4,6,5,2,3,2,3,2,3,2,3,6,5,2,3,2,3,2,3,4,4,4.0,4.0,6.0,5.0,4,4,6,5,2,3,2,3,2,3,6,5,2,3,2,3,2,3,4,4,4.0,4.0,6.0,5.0,4,4,6,5,2,3,2,3,6,5,2,3,2,3,2,3,4,4,4.0,4.0,6.0,5.0,4,4,6,5,2,3,2,3,2,3,2,3,2,3,4,4,4.0,4.0,6.0,5.0,4,4,6,5,2,3,2,3,2,3,2,3,4,4,4.0,4.0,6.0,5.0,4,4,6,5,2,3,2,3,3,4,6,5,6.0,5.0,9.0,6.0,6,5,9,6,3,4,3,4,4,4,4.0,4.0,6.0,5.0,4,4,6,5,2,3,2,3,4.0,4.0,6.0,5.0,4,4,6,5,2,3,2,3,12.0,7.0,8.0,6.0,12.0,7.0,4.0,5.0,4.0,5.0,12.0,8.0,18.0,9.0,6.0,7.0,6.0,7.0,9,6,3,4,3,4,5,6,5,6,3,4,True
C_5_product_P_5,7,8,4,3,9,9,5,3,13,15,9,9,7,8,4,4,2,2,4,4,12,10,12,12,9,8,8,8,2,2,4,4,7,8,4,3,14,17,16,14,5,5,3,2,12,10,16,16,14.0,16.0,8.0,6.0,19.0,24.0,12.0,9.0,11,14,8,6,13,19,12,8,7,10,4,3,7,17,4,3,4,4,9,6,9,6,4,4,4,4,4,4,4,4,4,4,4,4,9,6,4,4,4,4,16.0,8.0,36.0,12.0,9,6,25,10,9,6,9,6,6,5,6,5,4,4,4,4,4,4,4,4,4,4,4,4,6,5,4,4,4,4,8.0,6.0,12.0,8.0,6,5,10,7,6,5,6,5,9,6,6,5,6,5,6,5,6,5,6,5,6,5,9,6,6,5,6,5,12.0,7.0,18.0,9.0,9,6,15,8,9,6,9,6,6,5,6,5,6,5,6,5,6,5,6,5,9,6,6,5,6,5,12.0,7.0,18.0,9.0,9,6,15,8,9,6,9,6,4,4,4,4,4,4,4,4,4,4,6,5,4,4,4,4,8.0,6.0,12.0,8.0,6,5,10,7,6,5,6,5,4,4,4,4,4,4,4,4,6,5,4,4,4,4,8.0,6.0,12.0,8.0,6,5,10,7,6,5,6,5,4,4,4,4,4,4,6,5,4,4,4,4,8.0,6.0,12.0,8.0,6,5,10,7,6,5,6,5,4,4,4,4,6,5,4,4,4,4,8.0,6.0,12.0,8.0,6,5,10,7,6,5,6,5,4,4,6,5,4,4,4,4,8.0,6.0,12.0,8.0,6,5,10,7,6,5,6,5,6,5,4,4,4,4,8.0,6.0,12.0,8.0,6,5,10,7,6,5,6,5,6,5,6,5,12.0,7.0,18.0,9.0,9,6,15,8,9,6,9,6,4,4,8.0,6.0,12.0,8.0,6,5,10,7,6,5,6,5,8.0,6.0,12.0,8.0,6,5,10,7,6,5,6,5,24.0,10.0,12.0,7.0,20.0,9.0,12.0,7.0,12.0,7.0,18.0,9.0,30.0,11.0,18.0,9.0,18.0,9.0,15,8,9,6,9,6,15,8,15,8,9,6,True
C_5_product_P_4,6,6,4,3,8,6,4,3,10,12,6,6,6,8,4,4,2,2,4,4,10,8,10,10,7,6,7,7,2,2,4,4,6,7,4,3,11,14,12,11,4,4,3,2,10,8,14,14,11.0,12.0,8.0,6.0,17.0,18.0,12.0,9.0,10,12,7,5,12,16,10,7,6,10,4,3,6,15,4,3,4,4,6,5,6,5,4,4,4,4,4,4,2,3,4,4,4,4,6,5,4,4,4,4,12.0,7.0,30.0,11.0,9,6,20,9,6,5,6,5,4,4,4,4,4,4,4,4,4,4,2,3,4,4,4,4,4,4,4,4,4,4,6.0,5.0,10.0,7.0,6,5,8,6,4,4,4,4,6,5,6,5,6,5,6,5,3,4,6,5,6,5,6,5,6,5,6,5,9.0,6.0,15.0,8.0,9,6,12,7,6,5,6,5,6,5,6,5,6,5,3,4,6,5,6,5,6,5,6,5,6,5,9.0,6.0,15.0,8.0,9,6,12,7,6,5,6,5,4,4,4,4,2,3,4,4,4,4,4,4,4,4,4,4,6.0,5.0,10.0,7.0,6,5,8,6,4,4,4,4,4,4,2,3,4,4,4,4,4,4,4,4,4,4,6.0,5.0,10.0,7.0,6,5,8,6,4,4,4,4,2,3,4,4,4,4,4,4,4,4,4,4,6.0,5.0,10.0,7.0,6,5,8,6,4,4,4,4,4,4,4,4,4,4,4,4,4,4,6.0,5.0,10.0,7.0,6,5,8,6,4,4,4,4,4,4,4,4,4,4,4,4,6.0,5.0,10.0,7.0,6,5,8,6,4,4,4,4,4,4,4,4,4,4,6.0,5.0,10.0,7.0,6,5,8,6,4,4,4,4,6,5,6,5,9.0,6.0,15.0,8.0,9,6,12,7,6,5,6,5,4,4,6.0,5.0,10.0,7.0,6,5,8,6,4,4,4,4,6.0,5.0,10.0,7.0,6,5,8,6,4,4,4,4,20.0,9.0,12.0,7.0,16.0,8.0,8.0,6.0,8.0,6.0,18.0,9.0,24.0,10.0,12.0,8.0,12.0,8.0,12,7,6,5,6,5,10,7,10,7,6,5,True
C_5_product_P_3,4,5,2,2,5,6,3,3,8,10,6,6,4,5,2,2,2,2,4,4,7,5,7,7,5,5,5,5,2,2,4,4,4,6,4,3,8,10,9,8,3,3,2,2,7,5,9,9,8.0,8.0,4.0,4.0,12.0,12.0,6.0,6.0,7,9,4,4,8,12,8,6,4,8,2,2,4,11,2,2,2,3,6,5,6,5,2,3,4,4,2,3,2,3,4,4,4,4,6,5,2,3,2,3,8.0,6.0,18.0,9.0,6,5,15,8,9,6,6,5,4,4,4,4,2,3,4,4,2,3,2,3,4,4,4,4,4,4,2,3,2,3,4.0,4.0,6.0,5.0,4,4,6,5,6,5,4,4,6,5,3,4,6,5,3,4,3,4,6,5,6,5,6,5,3,4,3,4,6.0,5.0,9.0,6.0,6,5,9,6,9,6,6,5,3,4,6,5,3,4,3,4,6,5,6,5,6,5,3,4,3,4,6.0,5.0,9.0,6.0,6,5,9,6,9,6,6,5,4,4,2,3,2,3,4,4,4,4,4,4,2,3,2,3,4.0,4.0,6.0,5.0,4,4,6,5,6,5,4,4,2,3,2,3,4,4,4,4,4,4,2,3,2,3,4.0,4.0,6.0,5.0,4,4,6,5,6,5,4,4,2,3,4,4,4,4,4,4,2,3,2,3,4.0,4.0,6.0,5.0,4,4,6,5,6,5,4,4,4,4,4,4,4,4,2,3,2,3,4.0,4.0,6.0,5.0,4,4,6,5,6,5,4,4,4,4,4,4,2,3,2,3,4.0,4.0,6.0,5.0,4,4,6,5,6,5,4,4,4,4,2,3,2,3,4.0,4.0,6.0,5.0,4,4,6,5,6,5,4,4,3,4,3,4,6.0,5.0,9.0,6.0,6,5,9,6,9,6,6,5,2,3,4.0,4.0,6.0,5.0,4,4,6,5,6,5,4,4,4.0,4.0,6.0,5.0,4,4,6,5,6,5,4,4,12.0,7.0,8.0,6.0,12.0,7.0,12.0,7.0,8.0,6.0,12.0,8.0,18.0,9.0,18.0,9.0,12.0,8.0,9,6,9,6,6,5,15,8,10,7,6,5,True
C_5_product_P_2,3,4,2,2,4,6,3,3,5,6,3,3,3,4,2,2,2,2,4,4,5,4,5,5,4,4,4,4,2,2,4,4,3,4,2,2,5,6,5,5,3,4,2,2,5,4,7,7,6.0,8.0,4.0,4.0,9.0,12.0,6.0,6.0,5,6,4,4,7,10,6,6,3,6,2,2,3,8,2,2,2,3,6,5,3,4,2,3,4,4,2,3,2,3,4,4,2,3,3,4,2,3,2,3,8.0,6.0,18.0,9.0,6,5,10,7,6,5,3,4,4,4,2,3,2,3,4,4,2,3,2,3,4,4,2,3,2,3,2,3,2,3,4.0,4.0,6.0,5.0,4,4,4,4,4,4,2,3,3,4,3,4,6,5,3,4,3,4,6,5,3,4,3,4,3,4,3,4,6.0,5.0,9.0,6.0,6,5,6,5,6,5,3,4,3,4,6,5,3,4,3,4,6,5,3,4,3,4,3,4,3,4,6.0,5.0,9.0,6.0,6,5,6,5,6,5,3,4,4,4,2,3,2,3,4,4,2,3,2,3,2,3,2,3,4.0,4.0,6.0,5.0,4,4,4,4,4,4,2,3,2,3,2,3,4,4,2,3,2,3,2,3,2,3,4.0,4.0,6.0,5.0,4,4,4,4,4,4,2,3,2,3,4,4,2,3,2,3,2,3,2,3,4.0,4.0,6.0,5.0,4,4,4,4,4,4,2,3,4,4,2,3,2,3,2,3,2,3,4.0,4.0,6.0,5.0,4,4,4,4,4,4,2,3,2,3,2,3,2,3,2,3,4.0,4.0,6.0,5.0,4,4,4,4,4,4,2,3,2,3,2,3,2,3,4.0,4.0,6.0,5.0,4,4,4,4,4,4,2,3,3,4,3,4,6.0,5.0,9.0,6.0,6,5,6,5,6,5,3,4,2,3,4.0,4.0,6.0,5.0,4,4,4,4,4,4,2,3,4.0,4.0,6.0,5.0,4,4,4,4,4,4,2,3,12.0,7.0,8.0,6.0,8.0,6.0,8.0,6.0,4.0,5.0,12.0,8.0,12.0,8.0,12.0,8.0,6.0,7.0,6,5,6,5,3,4,10,7,5,6,3,4,True
C_4_product_C_3,3,4,2,2,4,4,2,2,4,6,2,2,4,4,2,2,3,2,6,6,6,6,6,6,4,4,5,5,3,2,6,6,3,3,2,2,6,6,6,6,3,3,2,2,8,6,10,10,6.0,6.0,4.0,4.0,9.0,8.0,6.0,6.0,6,4,4,4,6,6,6,6,3,4,2,2,3,4,2,2,2,3,4,4,2,3,2,3,6,5,2,3,2,3,6,5,2,3,2,3,2,3,4,4,6.0,5.0,12.0,7.0,4,4,12,7,2,3,2,3,4,4,2,3,2,3,6,5,2,3,2,3,6,5,2,3,2,3,2,3,4,4,4.0,4.0,6.0,5.0,4,4,6,5,2,3,2,3,2,3,2,3,6,5,2,3,2,3,6,5,2,3,2,3,2,3,4,4,4.0,4.0,6.0,5.0,4,4,6,5,2,3,2,3,2,3,6,5,2,3,2,3,6,5,2,3,2,3,2,3,4,4,4.0,4.0,6.0,5.0,4,4,6,5,2,3,2,3,6,5,2,3,2,3,6,5,2,3,2,3,2,3,4,4,4.0,4.0,6.0,5.0,4,4,6,5,2,3,2,3,2,3,2,3,6,5,2,3,2,3,2,3,4,4,4.0,4.0,6.0,5.0,4,4,6,5,2,3,2,3,2,3,6,5,2,3,2,3,2,3,4,4,4.0,4.0,6.0,5.0,4,4,6,5,2,3,2,3,6,5,2,3,2,3,2,3,4,4,4.0,4.0,6.0,5.0,4,4,6,5,2,3,2,3,2,3,2,3,2,3,4,4,4.0,4.0,6.0,5.0,4,4,6,5,2,3,2,3,2,3,2,3,4,4,4.0,4.0,6.0,5.0,4,4,6,5,2,3,2,3,2,3,4,4,4.0,4.0,6.0,5.0,4,4,6,5,2,3,2,3,4,4,4.0,4.0,6.0,5.0,4,4,6,5,2,3,2,3,4.0,4.0,6.0,5.0,4,4,6,5,2,3,2,3,9.0,6.0,6.0,5.0,9.0,6.0,3.0,4.0,3.0,4.0,8.0,6.0,12.0,7.0,4.0,5.0,4.0,5.0,6,5,2,3,2,3,4,5,4,5,2,3,True
C_4_product_P_5,5,6,4,2,6,6,4,2,10,12,6,6,5,8,4,4,2,2,4,4,10,8,10,10,7,8,7,7,2,2,4,4,5,6,3,2,11,12,11,10,4,4,3,2,10,8,14,14,10.0,12.0,8.0,4.0,15.0,16.0,11.0,6.0,9,8,6,4,10,12,9,6,5,6,4,2,5,13,4,2,4,4,6,5,6,5,4,4,4,4,4,4,4,4,4,4,4,4,6,5,4,4,4,4,12.0,7.0,24.0,10.0,6,5,20,9,6,5,6,5,6,5,6,5,4,4,4,4,4,4,4,4,4,4,4,4,6,5,4,4,4,4,8.0,6.0,12.0,8.0,6,5,10,7,6,5,6,5,6,5,4,4,4,4,4,4,4,4,4,4,4,4,6,5,4,4,4,4,8.0,6.0,12.0,8.0,6,5,10,7,6,5,6,5,4,4,4,4,4,4,4,4,4,4,4,4,6,5,4,4,4,4,8.0,6.0,12.0,8.0,6,5,10,7,6,5,6,5,4,4,4,4,4,4,4,4,4,4,6,5,4,4,4,4,8.0,6.0,12.0,8.0,6,5,10,7,6,5,6,5,4,4,4,4,4,4,4,4,6,5,4,4,4,4,8.0,6.0,12.0,8.0,6,5,10,7,6,5,6,5,4,4,4,4,4,4,6,5,4,4,4,4,8.0,6.0,12.0,8.0,6,5,10,7,6,5,6,5,4,4,4,4,6,5,4,4,4,4,8.0,6.0,12.0,8.0,6,5,10,7,6,5,6,5,4,4,6,5,4,4,4,4,8.0,6.0,12.0,8.0,6,5,10,7,6,5,6,5,6,5,4,4,4,4,8.0,6.0,12.0,8.0,6,5,10,7,6,5,6,5,4,4,4,4,8.0,6.0,12.0,8.0,6,5,10,7,6,5,6,5,4,4,8.0,6.0,12.0,8.0,6,5,10,7,6,5,6,5,8.0,6.0,12.0,8.0,6,5,10,7,6,5,6,5,18.0,9.0,9.0,6.0,15.0,8.0,9.0,6.0,9.0,6.0,12.0,7.0,20.0,9.0,12.0,7.0,12.0,7.0,10,7,6,5,6,5,12,7,12,7,6,5,True
C_4_product_P_4,4,4,4,2,6,4,4,2,8,8,4,4,4,8,4,4,2,2,4,4,8,8,8,8,6,4,6,6,2,2,4,4,4,5,3,2,9,10,9,8,4,4,2,2,8,8,12,12,8.0,8.0,6.0,4.0,12.0,12.0,10.0,6.0,8,8,6,4,9,12,7,6,4,4,4,2,4,10,4,2,4,4,4,4,4,4,4,4,4,4,4,4,2,3,4,4,4,4,4,4,4,4,4,4,9.0,6.0,20.0,9.0,6,5,16,8,4,4,4,4,4,4,4,4,4,4,4,4,4,4,2,3,4,4,4,4,4,4,4,4,4,4,6.0,5.0,10.0,7.0,6,5,8,6,4,4,4,4,4,4,4,4,4,4,4,4,2,3,4,4,4,4,4,4,4,4,4,4,6.0,5.0,10.0,7.0,6,5,8,6,4,4,4,4,4,4,4,4,4,4,2,3,4,4,4,4,4,4,4,4,4,4,6.0,5.0,10.0,7.0,6,5,8,6,4,4,4,4,4,4,4,4,2,3,4,4,4,4,4,4,4,4,4,4,6.0,5.0,10.0,7.0,6,5,8,6,4,4,4,4,4,4,2,3,4,4,4,4,4,4,4,4,4,4,6.0,5.0,10.0,7.0,6,5,8,6,4,4,4,4,2,3,4,4,4,4,4,4,4,4,4,4,6.0,5.0,10.0,7.0,6,5,8,6,4,4,4,4,4,4,4,4,4,4,4,4,4,4,6.0,5.0,10.0,7.0,6,5,8,6,4,4,4,4,4,4,4,4,4,4,4,4,6.0,5.0,10.0,7.0,6,5,8,6,4,4,4,4,4,4,4,4,4,4,6.0,5.0,10.0,7.0,6,5,8,6,4,4,4,4,4,4,4,4,6.0,5.0,10.0,7.0,6,5,8,6,4,4,4,4,4,4,6.0,5.0,10.0,7.0,6,5,8,6,4,4,4,4,6.0,5.0,10.0,7.0,6,5,8,6,4,4,4,4,15.0,8.0,9.0,6.0,12.0,7.0,6.0,5.0,6.0,5.0,12.0,7.0,16.0,8.0,8.0,6.0,8.0,6.0,8,6,4,4,4,4,8,6,8,6,4,4,True
C_4_product_P_3,3,4,2,2,4,4,2,2,6,8,4,4,3,4,2,2,2,2,4,4,6,4,6,6,4,4,4,4,2,2,4,4,3,4,3,2,6,8,7,6,3,3,2,2,6,4,8,8,6.0,6.0,4.0,4.0,9.0,8.0,6.0,6.0,6,4,4,4,6,8,6,6,3,4,2,2,3,8,2,2,2,3,4,4,4,4,2,3,4,4,2,3,2,3,4,4,4,4,4,4,2,3,2,3,6.0,5.0,12.0,7.0,4,4,12,7,6,5,4,4,4,4,4,4,2,3,4,4,2,3,2,3,4,4,4,4,4,4,2,3,2,3,4.0,4.0,6.0,5.0,4,4,6,5,6,5,4,4,4,4,2,3,4,4,2,3,2,3,4,4,4,4,4,4,2,3,2,3,4.0,4.0,6.0,5.0,4,4,6,5,6,5,4,4,2,3,4,4,2,3,2,3,4,4,4,4,4,4,2,3,2,3,4.0,4.0,6.0,5.0,4,4,6,5,6,5,4,4,4,4,2,3,2,3,4,4,4,4,4,4,2,3,2,3,4.0,4.0,6.0,5.0,4,4,6,5,6,5,4,4,2,3,2,3,4,4,4,4,4,4,2,3,2,3,4.0,4.0,6.0,5.0,4,4,6,5,6,5,4,4,2,3,4,4,4,4,4,4,2,3,2,3,4.0,4.0,6.0,5.0,4,4,6,5,6,5,4,4,4,4,4,4,4,4,2,3,2,3,4.0,4.0,6.0,5.0,4,4,6,5,6,5,4,4,4,4,4,4,2,3,2,3,4.0,4.0,6.0,5.0,4,4,6,5,6,5,4,4,4,4,2,3,2,3,4.0,4.0,6.0,5.0,4,4,6,5,6,5,4,4,2,3,2,3,4.0,4.0,6.0,5.0,4,4,6,5,6,5,4,4,2,3,4.0,4.0,6.0,5.0,4,4,6,5,6,5,4,4,4.0,4.0,6.0,5.0,4,4,6,5,6,5,4,4,9.0,6.0,6.0,5.0,9.0,6.0,9.0,6.0,6.0,5.0,8.0,6.0,12.0,7.0,12.0,7.0,8.0,6.0,6,5,6,5,4,4,12,7,8,6,4,4,True
C_4_product_P_2,2,4,2,2,4,4,2,2,4,4,2,2,2,4,2,2,2,2,4,4,4,4,4,4,3,4,3,3,2,2,4,4,2,3,2,2,4,4,4,4,2,3,2,2,4,4,6,6,4.0,6.0,4.0,4.0,6.0,8.0,6.0,6.0,4,4,4,4,6,8,4,4,2,4,2,2,2,6,2,2,2,3,4,4,2,3,2,3,4,4,2,3,2,3,4,4,2,3,2,3,2,3,2,3,6.0,5.0,12.0,7.0,4,4,8,6,4,4,2,3,4,4,2,3,2,3,4,4,2,3,2,3,4,4,2,3,2,3,2,3,2,3,4.0,4.0,6.0,5.0,4,4,4,4,4,4,2,3,2,3,2,3,4,4,2,3,2,3,4,4,2,3,2,3,2,3,2,3,4.0,4.0,6.0,5.0,4,4,4,4,4,4,2,3,2,3,4,4,2,3,2,3,4,4,2,3,2,3,2,3,2,3,4.0,4.0,6.0,5.0,4,4,4,4,4,4,2,3,4,4,2,3,2,3,4,4,2,3,2,3,2,3,2,3,4.0,4.0,6.0,5.0,4,4,4,4,4,4,2,3,2,3,2,3,4,4,2,3,2,3,2,3,2,3,4.0,4.0,6.0,5.0,4,4,4,4,4,4,2,3,2,3,4,4,2,3,2,3,2,3,2,3,4.0,4.0,6.0,5.0,4,4,4,4,4,4,2,3,4,4,2,3,2,3,2,3,2,3,4.0,4.0,6.0,5.0,4,4,4,4,4,4,2,3,2,3,2,3,2,3,2,3,4.0,4.0,6.0,5.0,4,4,4,4,4,4,2,3,2,3,2,3,2,3,4.0,4.0,6.0,5.0,4,4,4,4,4,4,2,3,2,3,2,3,4.0,4.0,6.0,5.0,4,4,4,4,4,4,2,3,2,3,4.0,4.0,6.0,5.0,4,4,4,4,4,4,2,3,4.0,4.0,6.0,5.0,4,4,4,4,4,4,2,3,9.0,6.0,6.0,5.0,6.0,5.0,6.0,5.0,3.0,4.0,8.0,6.0,8.0,6.0,8.0,6.0,4.0,5.0,4,4,4,4,2,3,8,6,4,5,2,3,True
C_3_product_P_5,4,4,2,2,5,6,3,2,5,9,3,3,5,4,2,2,3,2,6,6,7,6,7,7,5,5,6,6,3,2,6,6,4,4,2,2,8,9,8,7,3,3,2,2,10,6,12,12,8.0,8.0,4.0,4.0,12.0,12.0,6.0,6.0,7,8,4,3,8,9,6,5,4,4,2,2,4,4,2,2,2,3,6,5,3,4,2,3,6,5,2,3,2,3,6,5,2,3,3,4,2,3,4,4,8.0,6.0,18.0,9.0,6,5,15,8,3,4,3,4,3,4,3,4,2,3,2,3,2,3,2,3,2,3,2,3,3,4,2,3,2,3,4.0,5.0,6.0,7.0,3,4,5,6,3,4,3,4,6,5,4,4,4,4,4,4,4,4,4,4,4,4,6,5,4,4,4,4,8.0,6.0,12.0,8.0,6,5,10,7,6,5,6,5,2,3,2,3,2,3,2,3,2,3,2,3,3,4,2,3,2,3,4.0,5.0,6.0,7.0,3,4,5,6,3,4,3,4,2,3,2,3,2,3,2,3,2,3,3,4,2,3,2,3,4.0,5.0,6.0,7.0,3,4,5,6,3,4,3,4,6,5,6,5,6,5,6,5,9,6,6,5,6,5,12.0,7.0,18.0,9.0,9,6,15,8,9,6,9,6,2,3,2,3,2,3,3,4,2,3,2,3,4.0,5.0,6.0,7.0,3,4,5,6,3,4,3,4,2,3,2,3,3,4,2,3,2,3,4.0,5.0,6.0,7.0,3,4,5,6,3,4,3,4,6,5,9,6,6,5,6,5,12.0,7.0,18.0,9.0,9,6,15,8,9,6,9,6,3,4,2,3,2,3,4.0,5.0,6.0,7.0,3,4,5,6,3,4,3,4,2,3,2,3,4.0,5.0,6.0,7.0,3,4,5,6,3,4,3,4,2,3,4.0,5.0,6.0,7.0,3,4,5,6,3,4,3,4,8.0,6.0,12.0,8.0,6,5,10,7,6,5,6,5,12.0,8.0,6.0,5.0,10.0,7.0,6.0,5.0,6.0,5.0,9.0,6.0,15.0,8.0,9.0,6.0,9.0,6.0,10,7,6,5,6,5,9,6,9,6,3,4,True
C_3_product_P_4,4,4,2,2,4,4,2,2,4,6,2,2,4,4,2,2,3,2,6,6,6,6,6,6,4,3,5,5,3,2,6,6,3,4,2,2,6,7,7,6,3,3,2,2,8,6,10,10,7.0,6.0,4.0,3.0,10.0,10.0,6.0,5.0,6,7,4,3,7,8,6,4,4,4,2,2,4,4,2,2,2,3,4,4,2,3,2,3,6,5,2,3,1,2,6,5,2,3,2,3,2,3,4,4,6.0,5.0,15.0,8.0,6,5,12,7,2,3,2,3,2,3,2,3,2,3,2,3,2,3,1,2,2,3,2,3,2,3,2,3,2,3,3.0,4.0,5.0,6.0,3,4,4,5,2,3,2,3,4,4,4,4,4,4,4,4,2,3,4,4,4,4,4,4,4,4,4,4,6.0,5.0,10.0,7.0,6,5,8,6,4,4,4,4,2,3,2,3,2,3,1,2,2,3,2,3,2,3,2,3,2,3,3.0,4.0,5.0,6.0,3,4,4,5,2,3,2,3,2,3,2,3,1,2,2,3,2,3,2,3,2,3,2,3,3.0,4.0,5.0,6.0,3,4,4,5,2,3,2,3,6,5,3,4,6,5,6,5,6,5,6,5,6,5,9.0,6.0,15.0,8.0,9,6,12,7,6,5,6,5,1,2,2,3,2,3,2,3,2,3,2,3,3.0,4.0,5.0,6.0,3,4,4,5,2,3,2,3,2,3,2,3,2,3,2,3,2,3,3.0,4.0,5.0,6.0,3,4,4,5,2,3,2,3,6,5,6,5,6,5,6,5,9.0,6.0,15.0,8.0,9,6,12,7,6,5,6,5,2,3,2,3,2,3,3.0,4.0,5.0,6.0,3,4,4,5,2,3,2,3,2,3,2,3,3.0,4.0,5.0,6.0,3,4,4,5,2,3,2,3,2,3,3.0,4.0,5.0,6.0,3,4,4,5,2,3,2,3,6.0,5.0,10.0,7.0,6,5,8,6,4,4,4,4,10.0,7.0,6.0,5.0,8.0,6.0,4.0,4.0,4.0,4.0,9.0,6.0,12.0,7.0,6.0,5.0,6.0,5.0,8,6,4,4,4,4,6,5,6,5,2,3,True
C_3_product_P_3,3,3,1,1,3,4,2,2,3,6,2,2,3,3,1,1,3,2,6,6,4,3,4,4,3,3,4,4,3,2,6,6,3,3,2,2,5,6,5,4,2,2,1,1,6,3,7,7,5.0,5.0,2.0,2.0,8.0,6.0,3.0,3.0,4,5,2,2,5,6,3,3,3,3,1,1,3,5,1,1,1,2,4,4,2,3,1,2,6,5,1,2,1,2,6,5,2,3,2,3,1,2,2,3,4.0,4.0,9.0,6.0,4,4,9,6,3,4,2,3,2,3,2,3,1,2,2,3,1,2,1,2,2,3,2,3,2,3,1,2,1,2,2.0,3.0,3.0,4.0,2,3,3,4,3,4,2,3,4,4,2,3,4,4,2,3,2,3,4,4,4,4,4,4,2,3,2,3,4.0,4.0,6.0,5.0,4,4,6,5,6,5,4,4,1,2,2,3,1,2,1,2,2,3,2,3,2,3,1,2,1,2,2.0,3.0,3.0,4.0,2,3,3,4,3,4,2,3,2,3,1,2,1,2,2,3,2,3,2,3,1,2,1,2,2.0,3.0,3.0,4.0,2,3,3,4,3,4,2,3,3,4,3,4,6,5,6,5,6,5,3,4,3,4,6.0,5.0,9.0,6.0,6,5,9,6,9,6,6,5,1,2,2,3,2,3,2,3,1,2,1,2,2.0,3.0,3.0,4.0,2,3,3,4,3,4,2,3,2,3,2,3,2,3,1,2,1,2,2.0,3.0,3.0,4.0,2,3,3,4,3,4,2,3,6,5,6,5,3,4,3,4,6.0,5.0,9.0,6.0,6,5,9,6,9,6,6,5,2,3,1,2,1,2,2.0,3.0,3.0,4.0,2,3,3,4,3,4,2,3,1,2,1,2,2.0,3.0,3.0,4.0,2,3,3,4,3,4,2,3,1,2,2.0,3.0,3.0,4.0,2,3,3,4,3,4,2,3,4.0,4.0,6.0,5.0,4,4,6,5,6,5,4,4,6.0,5.0,4.0,4.0,6.0,5.0,6.0,5.0,4.0,4.0,6.0,5.0,9.0,6.0,9.0,6.0,6.0,5.0,6,5,6,5,4,4,9,6,6,5,2,3,True
C_3_product_P_2,2,2,1,1,2,4,2,2,2,3,1,1,2,2,1,1,3,2,6,6,3,3,3,3,2,2,3,3,3,2,6,6,2,2,1,1,3,3,3,3,2,2,1,1,4,3,5,5,4.0,4.0,2.0,2.0,6.0,6.0,3.0,3.0,3,4,2,2,4,6,3,3,2,2,1,1,2,4,1,1,1,2,4,4,1,2,1,2,6,5,1,2,1,2,6,5,1,2,1,2,1,2,2,3,4.0,4.0,9.0,6.0,4,4,6,5,2,3,1,2,2,3,1,2,1,2,2,3,1,2,1,2,2,3,1,2,1,2,1,2,1,2,2.0,3.0,3.0,4.0,2,3,2,3,2,3,1,2,2,3,2,3,4,4,2,3,2,3,4,4,2,3,2,3,2,3,2,3,4.0,4.0,6.0,5.0,4,4,4,4,4,4,2,3,1,2,2,3,1,2,1,2,2,3,1,2,1,2,1,2,1,2,2.0,3.0,3.0,4.0,2,3,2,3,2,3,1,2,2,3,1,2,1,2,2,3,1,2,1,2,1,2,1,2,2.0,3.0,3.0,4.0,2,3,2,3,2,3,1,2,3,4,3,4,6,5,3,4,3,4,3,4,3,4,6.0,5.0,9.0,6.0,6,5,6,5,6,5,3,4,1,2,2,3,1,2,1,2,1,2,1,2,2.0,3.0,3.0,4.0,2,3,2,3,2,3,1,2,2,3,1,2,1,2,1,2,1,2,2.0,3.0,3.0,4.0,2,3,2,3,2,3,1,2,3,4,3,4,3,4,3,4,6.0,5.0,9.0,6.0,6,5,6,5,6,5,3,4,1,2,1,2,1,2,2.0,3.0,3.0,4.0,2,3,2,3,2,3,1,2,1,2,1,2,2.0,3.0,3.0,4.0,2,3,2,3,2,3,1,2,1,2,2.0,3.0,3.0,4.0,2,3,2,3,2,3,1,2,4.0,4.0,6.0,5.0,4,4,4,4,4,4,2,3,6.0,5.0,4.0,4.0,4.0,4.0,4.0,4.0,2.0,3.0,6.0,5.0,6.0,5.0,6.0,5.0,3.0,4.0,4,4,4,4,2,3,6,5,3,4,1,2,True
P_5_product_P_4,6,6,4,3,8,6,4,3,10,12,6,6,6,8,4,4,2,2,4,4,10,8,10,10,7,6,7,7,2,2,4,4,6,7,4,3,11,14,12,11,4,4,3,2,10,8,14,14,11.0,12.0,8.0,6.0,17.0,18.0,12.0,9.0,10,12,7,5,12,16,10,7,6,10,4,3,6,15,4,3,4,4,6,5,6,5,4,4,4,4,4,4,2,3,4,4,4,4,6,5,4,4,4,4,12.0,7.0,30.0,11.0,9,6,20,9,6,5,6,5,4,4,4,4,4,4,4,4,4,4,2,3,4,4,4,4,4,4,4,4,4,4,6.0,5.0,10.0,7.0,6,5,8,6,4,4,4,4,6,5,6,5,6,5,6,5,3,4,6,5,6,5,6,5,6,5,6,5,9.0,6.0,15.0,8.0,9,6,12,7,6,5,6,5,6,5,6,5,6,5,3,4,6,5,6,5,6,5,6,5,6,5,9.0,6.0,15.0,8.0,9,6,12,7,6,5,6,5,4,4,4,4,2,3,4,4,4,4,4,4,4,4,4,4,6.0,5.0,10.0,7.0,6,5,8,6,4,4,4,4,4,4,2,3,4,4,4,4,4,4,4,4,4,4,6.0,5.0,10.0,7.0,6,5,8,6,4,4,4,4,2,3,4,4,4,4,4,4,4,4,4,4,6.0,5.0,10.0,7.0,6,5,8,6,4,4,4,4,4,4,4,4,4,4,4,4,4,4,6.0,5.0,10.0,7.0,6,5,8,6,4,4,4,4,4,4,4,4,4,4,4,4,6.0,5.0,10.0,7.0,6,5,8,6,4,4,4,4,4,4,4,4,4,4,6.0,5.0,10.0,7.0,6,5,8,6,4,4,4,4,6,5,6,5,9.0,6.0,15.0,8.0,9,6,12,7,6,5,6,5,4,4,6.0,5.0,10.0,7.0,6,5,8,6,4,4,4,4,6.0,5.0,10.0,7.0,6,5,8,6,4,4,4,4,20.0,9.0,12.0,7.0,16.0,8.0,8.0,6.0,8.0,6.0,18.0,9.0,24.0,10.0,12.0,8.0,12.0,8.0,12,7,6,5,6,5,10,7,10,7,6,5,True
P_5_product_P_3,4,5,2,2,5,6,3,3,8,10,6,6,4,5,2,2,2,2,4,4,7,5,7,7,5,5,5,5,2,2,4,4,4,6,4,3,8,10,9,8,3,3,2,2,7,5,9,9,8.0,8.0,4.0,4.0,12.0,12.0,6.0,6.0,7,9,4,4,8,12,8,6,4,8,2,2,4,11,2,2,2,3,6,5,6,5,2,3,4,4,2,3,2,3,4,4,4,4,6,5,2,3,2,3,8.0,6.0,18.0,9.0,6,5,15,8,9,6,6,5,4,4,4,4,2,3,4,4,2,3,2,3,4,4,4,4,4,4,2,3,2,3,4.0,4.0,6.0,5.0,4,4,6,5,6,5,4,4,6,5,3,4,6,5,3,4,3,4,6,5,6,5,6,5,3,4,3,4,6.0,5.0,9.0,6.0,6,5,9,6,9,6,6,5,3,4,6,5,3,4,3,4,6,5,6,5,6,5,3,4,3,4,6.0,5.0,9.0,6.0,6,5,9,6,9,6,6,5,4,4,2,3,2,3,4,4,4,4,4,4,2,3,2,3,4.0,4.0,6.0,5.0,4,4,6,5,6,5,4,4,2,3,2,3,4,4,4,4,4,4,2,3,2,3,4.0,4.0,6.0,5.0,4,4,6,5,6,5,4,4,2,3,4,4,4,4,4,4,2,3,2,3,4.0,4.0,6.0,5.0,4,4,6,5,6,5,4,4,4,4,4,4,4,4,2,3,2,3,4.0,4.0,6.0,5.0,4,4,6,5,6,5,4,4,4,4,4,4,2,3,2,3,4.0,4.0,6.0,5.0,4,4,6,5,6,5,4,4,4,4,2,3,2,3,4.0,4.0,6.0,5.0,4,4,6,5,6,5,4,4,3,4,3,4,6.0,5.0,9.0,6.0,6,5,9,6,9,6,6,5,2,3,4.0,4.0,6.0,5.0,4,4,6,5,6,5,4,4,4.0,4.0,6.0,5.0,4,4,6,5,6,5,4,4,12.0,7.0,8.0,6.0,12.0,7.0,12.0,7.0,8.0,6.0,12.0,8.0,18.0,9.0,18.0,9.0,12.0,8.0,9,6,9,6,6,5,15,8,10,7,6,5,True
P_5_product_P_2,3,4,2,2,4,6,3,3,5,6,3,3,3,4,2,2,2,2,4,4,5,4,5,5,4,4,4,4,2,2,4,4,3,4,2,2,5,6,5,5,3,4,2,2,5,4,7,7,6.0,8.0,4.0,4.0,9.0,12.0,6.0,6.0,5,6,4,4,7,10,6,6,3,6,2,2,3,8,2,2,2,3,6,5,3,4,2,3,4,4,2,3,2,3,4,4,2,3,3,4,2,3,2,3,8.0,6.0,18.0,9.0,6,5,10,7,6,5,3,4,4,4,2,3,2,3,4,4,2,3,2,3,4,4,2,3,2,3,2,3,2,3,4.0,4.0,6.0,5.0,4,4,4,4,4,4,2,3,3,4,3,4,6,5,3,4,3,4,6,5,3,4,3,4,3,4,3,4,6.0,5.0,9.0,6.0,6,5,6,5,6,5,3,4,3,4,6,5,3,4,3,4,6,5,3,4,3,4,3,4,3,4,6.0,5.0,9.0,6.0,6,5,6,5,6,5,3,4,4,4,2,3,2,3,4,4,2,3,2,3,2,3,2,3,4.0,4.0,6.0,5.0,4,4,4,4,4,4,2,3,2,3,2,3,4,4,2,3,2,3,2,3,2,3,4.0,4.0,6.0,5.0,4,4,4,4,4,4,2,3,2,3,4,4,2,3,2,3,2,3,2,3,4.0,4.0,6.0,5.0,4,4,4,4,4,4,2,3,4,4,2,3,2,3,2,3,2,3,4.0,4.0,6.0,5.0,4,4,4,4,4,4,2,3,2,3,2,3,2,3,2,3,4.0,4.0,6.0,5.0,4,4,4,4,4,4,2,3,2,3,2,3,2,3,4.0,4.0,6.0,5.0,4,4,4,4,4,4,2,3,3,4,3,4,6.0,5.0,9.0,6.0,6,5,6,5,6,5,3,4,2,3,4.0,4.0,6.0,5.0,4,4,4,4,4,4,2,3,4.0,4.0,6.0,5.0,4,4,4,4,4,4,2,3,12.0,7.0,8.0,6.0,8.0,6.0,8.0,6.0,4.0,5.0,12.0,8.0,12.0,8.0,12.0,8.0,6.0,7.0,6,5,6,5,3,4,10,7,5,6,3,4,True
P_4_product_P_3,4,4,2,2,4,4,2,2,6,8,4,4,4,4,2,2,2,2,4,4,6,4,6,6,4,4,4,4,2,2,4,4,4,5,3,3,7,8,7,7,3,3,2,2,6,4,8,8,7.0,6.0,4.0,4.0,11.0,10.0,6.0,6.0,6,8,4,4,8,10,7,6,4,6,2,2,4,9,2,2,2,3,4,4,4,4,2,3,4,4,2,3,1,2,4,4,4,4,4,4,2,3,2,3,6.0,5.0,15.0,8.0,6,5,12,7,6,5,4,4,4,4,4,4,2,3,4,4,2,3,2,3,4,4,4,4,4,4,2,3,2,3,4.0,4.0,6.0,5.0,4,4,6,5,6,5,4,4,4,4,2,3,4,4,2,3,2,3,4,4,4,4,4,4,2,3,2,3,4.0,4.0,6.0,5.0,4,4,6,5,6,5,4,4,2,3,4,4,2,3,2,3,4,4,4,4,4,4,2,3,2,3,4.0,4.0,6.0,5.0,4,4,6,5,6,5,4,4,4,4,2,3,2,3,4,4,4,4,4,4,2,3,2,3,4.0,4.0,6.0,5.0,4,4,6,5,6,5,4,4,2,3,2,3,4,4,4,4,4,4,2,3,2,3,4.0,4.0,6.0,5.0,4,4,6,5,6,5,4,4,2,3,4,4,4,4,4,4,2,3,2,3,4.0,4.0,6.0,5.0,4,4,6,5,6,5,4,4,2,3,2,3,2,3,1,2,1,2,2.0,3.0,3.0,4.0,2,3,3,4,3,4,2,3,4,4,4,4,2,3,2,3,4.0,4.0,6.0,5.0,4,4,6,5,6,5,4,4,4,4,2,3,2,3,4.0,4.0,6.0,5.0,4,4,6,5,6,5,4,4,2,3,2,3,4.0,4.0,6.0,5.0,4,4,6,5,6,5,4,4,2,3,4.0,4.0,6.0,5.0,4,4,6,5,6,5,4,4,4.0,4.0,6.0,5.0,4,4,6,5,6,5,4,4,9.0,6.0,6.0,5.0,9.0,6.0,9.0,6.0,6.0,5.0,10.0,7.0,15.0,8.0,15.0,8.0,10.0,7.0,9,6,9,6,6,5,12,7,8,6,4,4,True
P_4_product_P_2,3,4,2,2,4,4,2,2,4,4,2,2,3,4,2,2,2,2,4,4,4,4,4,4,3,2,3,3,2,2,4,4,3,4,2,2,4,5,4,4,2,3,2,2,4,4,6,6,5.0,6.0,4.0,4.0,8.0,10.0,6.0,6.0,4,6,4,4,6,8,5,5,3,4,2,2,3,6,2,2,2,3,4,4,2,3,2,3,4,4,2,3,1,2,4,4,2,3,2,3,2,3,2,3,6.0,5.0,15.0,8.0,6,5,8,6,4,4,2,3,4,4,2,3,2,3,4,4,2,3,2,3,4,4,2,3,2,3,2,3,2,3,4.0,4.0,6.0,5.0,4,4,4,4,4,4,2,3,2,3,2,3,4,4,2,3,2,3,4,4,2,3,2,3,2,3,2,3,4.0,4.0,6.0,5.0,4,4,4,4,4,4,2,3,2,3,4,4,2,3,2,3,4,4,2,3,2,3,2,3,2,3,4.0,4.0,6.0,5.0,4,4,4,4,4,4,2,3,4,4,2,3,2,3,4,4,2,3,2,3,2,3,2,3,4.0,4.0,6.0,5.0,4,4,4,4,4,4,2,3,2,3,2,3,4,4,2,3,2,3,2,3,2,3,4.0,4.0,6.0,5.0,4,4,4,4,4,4,2,3,2,3,4,4,2,3,2,3,2,3,2,3,4.0,4.0,6.0,5.0,4,4,4,4,4,4,2,3,2,3,1,2,1,2,1,2,1,2,2.0,3.0,3.0,4.0,2,3,2,3,2,3,1,2,2,3,2,3,2,3,2,3,4.0,4.0,6.0,5.0,4,4,4,4,4,4,2,3,2,3,2,3,2,3,4.0,4.0,6.0,5.0,4,4,4,4,4,4,2,3,2,3,2,3,4.0,4.0,6.0,5.0,4,4,4,4,4,4,2,3,2,3,4.0,4.0,6.0,5.0,4,4,4,4,4,4,2,3,4.0,4.0,6.0,5.0,4,4,4,4,4,4,2,3,9.0,6.0,6.0,5.0,6.0,5.0,6.0,5.0,3.0,4.0,10.0,7.0,10.0,7.0,10.0,7.0,5.0,6.0,6,5,6,5,3,4,8,6,4,5,2,3,True
P_3_product_P_2,2,2,1,1,2,4,2,2,3,4,2,2,2,2,1,1,2,2,4,4,3,2,3,3,2,2,2,2,2,2,4,4,2,3,2,2,3,4,3,3,2,2,1,1,3,2,4,4,4.0,4.0,2.0,2.0,6.0,6.0,3.0,3.0,3,4,2,2,5,6,4,4,2,6,1,1,2,5,1,1,1,2,4,4,2,3,1,2,4,4,1,2,1,2,4,4,2,3,2,3,1,2,1,2,4.0,4.0,9.0,6.0,4,4,6,5,6,5,2,3,2,3,1,2,1,2,2,3,1,2,1,2,2,3,1,2,1,2,1,2,1,2,2.0,3.0,3.0,4.0,2,3,2,3,2,3,1,2,2,3,2,3,4,4,2,3,2,3,4,4,2,3,2,3,2,3,2,3,4.0,4.0,6.0,5.0,4,4,4,4,4,4,2,3,2,3,4,4,2,3,2,3,4,4,2,3,2,3,2,3,2,3,4.0,4.0,6.0,5.0,4,4,4,4,4,4,2,3,2,3,1,2,1,2,2,3,1,2,1,2,1,2,1,2,2.0,3.0,3.0,4.0,2,3,2,3,2,3,1,2,2,3,2,3,4,4,2,3,2,3,2,3,2,3,4.0,4.0,6.0,5.0,4,4,4,4,4,4,2,3,1,2,2,3,1,2,1,2,1,2,1,2,2.0,3.0,3.0,4.0,2,3,2,3,2,3,1,2,2,3,1,2,1,2,1,2,1,2,2.0,3.0,3.0,4.0,2,3,2,3,2,3,1,2,2,3,2,3,2,3,2,3,4.0,4.0,6.0,5.0,4,4,4,4,4,4,2,3,2,3,2,3,2,3,4.0,4.0,6.0,5.0,4,4,4,4,4,4,2,3,2,3,2,3,4.0,4.0,6.0,5.0,4,4,4,4,4,4,2,3,1,2,2.0,3.0,3.0,4.0,2,3,2,3,2,3,1,2,2.0,3.0,3.0,4.0,2,3,2,3,2,3,1,2,6.0,5.0,4.0,4.0,4.0,4.0,4.0,4.0,2.0,3.0,6.0,5.0,6.0,5.0,6.0,5.0,3.0,4.0,4,4,4,4,2,3,6,5,3,4,3,4,True
